-- Up migration

-- Create the superclusters table
CREATE TABLE superclusters (
    id UUID PRIMARY KEY,
    name VARCHAR(255) NOT NULL,
    number_of_galaxies INT NOT NULL,
    x_coordinate FLOAT NOT NULL DEFAULT 0.0,
    y_coordinate FLOAT NOT NULL DEFAULT 0.0,
    z_coordinate FLOAT NOT NULL DEFAULT 0.0
);

-- Create the galaxies table
CREATE TABLE galaxies (
    id UUID PRIMARY KEY,
    name VARCHAR(255) NOT NULL,
    supercluster UUID NOT NULL,
    number_of_planets INT NOT NULL,
    FOREIGN KEY (supercluster) REFERENCES superclusters(id),
    x_coordinate FLOAT NOT NULL DEFAULT 0.0,
    y_coordinate FLOAT NOT NULL DEFAULT 0.0,
    z_coordinate FLOAT NOT NULL DEFAULT 0.0
);

-- Create the planets table
CREATE TABLE planets (
    id UUID PRIMARY KEY,
    name VARCHAR(255) NOT NULL,
    galaxy UUID NOT NULL,
    climate INT CHECK (climate BETWEEN 0 AND 9) NOT NULL,
    number_of_docks INT NOT NULL,
    tax_rate INT CHECK (tax_rate >= 0 AND tax_rate <= 100) NOT NULL,
    political_fee INT CHECK (political_fee >= 0) NOT NULL,
    FOREIGN KEY (galaxy) REFERENCES galaxies(id),
    x_coordinate FLOAT NOT NULL DEFAULT 0.0,
    y_coordinate FLOAT NOT NULL DEFAULT 0.0,
    z_coordinate FLOAT NOT NULL DEFAULT 0.0
);

INSERT INTO superclusters (id, name, number_of_galaxies, x_coordinate, y_coordinate, z_coordinate) VALUES
    ('182b1bd8-5fb2-4b67-8981-ac798d0ac3dc', 'Supercluster Alpha', 3, 132.34, -569.78, 9100.01),
    ('e1d6588f-e07b-48c1-b151-28c03fc553a4', 'Supercluster Beta', 3, -354.56, 780.90, -1221.34),
    ('38e209a4-e821-4b0a-8974-f46f00f36599', 'Supercluster Gamma', 3, 4578.67, -23.45, 670.89);


INSERT INTO galaxies (id, name, supercluster, number_of_planets, x_coordinate, y_coordinate, z_coordinate) VALUES
    ('c671a14f-9552-4707-bc8d-a065597c351a', 'Acostas', '182b1bd8-5fb2-4b67-8981-ac798d0ac3dc', 6, 167.23, -459.56, 7001.89),
    ('0f023e67-0156-441f-bcf5-d03ff20f60ef', 'Fright', '182b1bd8-5fb2-4b67-8981-ac798d0ac3dc', 5, 12.45, -666.89, 8413.34),
    ('f2914e97-c74b-4e44-80fe-fa2f6df691ac', 'Citra', '182b1bd8-5fb2-4b67-8981-ac798d0ac3dc', 5, 889.90, -1201.34, 4533.67),
    ('765487ee-87cd-4f38-b1f3-ac7fd05681b4', 'Alakakis', 'e1d6588f-e07b-48c1-b151-28c03fc553a4', 4, -1244.34, 457.67, -2312.45),
    ('bfe83c9e-e8fc-4d42-828e-7985975c7719', 'Columbus', 'e1d6588f-e07b-48c1-b151-28c03fc553a4', 2, -245.89, 690.45, -1337.90),
    ('c0c45c28-53ee-4cd4-a769-57c8a9202463', 'D3432', 'e1d6588f-e07b-48c1-b151-28c03fc553a4', 3, -789.56, 910.01, -1000.34),
    ('6f21dba6-9bf5-4d94-9b68-72c06f8007dc', 'Fractoloah', '38e209a4-e821-4b0a-8974-f46f00f36599', 7, 2355.45, -12.34, 560.78),
    ('2a176758-74ed-43e4-a27c-66881929b91d', 'Empusheray', '38e209a4-e821-4b0a-8974-f46f00f36599', 4, 4189.78, 23.45, 671.89),
    ('96d608c4-e164-4752-b0ab-690915c6f8ba', 'Bree', '38e209a4-e821-4b0a-8974-f46f00f36599', 9, 3773.01, -45.67, 235.45);


INSERT INTO planets (id, name, galaxy, climate, number_of_docks, tax_rate, political_fee, x_coordinate, y_coordinate, z_coordinate) VALUES
    ('00000000-0000-0000-0000-000000000001', 'Alderaan', 'c671a14f-9552-4707-bc8d-a065597c351a', 0, 2, 15, 100, 145.57, -340.59, 6589.16),
    ('00000000-0000-0000-0000-000000000002', 'Arrakis', 'c671a14f-9552-4707-bc8d-a065597c351a', 1, 3, 10, 200, 132.88, -127.85, 7249.32),
    ('00000000-0000-0000-0000-000000000003', 'Tatooine', 'c671a14f-9552-4707-bc8d-a065597c351a', 2, 1, 20, 150, 124.42, -331.10, 5698.88),
    ('00000000-0000-0000-0000-000000000004', 'Krypton', 'c671a14f-9552-4707-bc8d-a065597c351a', 3, 4, 25, 300, 188.97, -70.57, 6007.01),
    ('00000000-0000-0000-0000-000000000005', 'Hoth', 'c671a14f-9552-4707-bc8d-a065597c351a', 4, 2, 5, 250, 199.67, -671.50, 5508.45),
    ('00000000-0000-0000-0000-000000000006', 'Endor', 'c671a14f-9552-4707-bc8d-a065597c351a', 5, 3, 18, 100, 169.69, -701.50, 7900.00),
    ('00000000-0000-0000-0000-000000000007', 'Dagobah', '0f023e67-0156-441f-bcf5-d03ff20f60ef', 6, 2, 10, 100, 19.14, -624.14, 8885.54),
    ('00000000-0000-0000-0000-000000000008', 'Hoth Prime', '0f023e67-0156-441f-bcf5-d03ff20f60ef', 7, 1, 30, 200, 6.66, -599.07, 8742.71),
    ('00000000-0000-0000-0000-000000000009', 'Bespin', '0f023e67-0156-441f-bcf5-d03ff20f60ef', 8, 3, 12, 150, 7.02, -601.65, 9003.62),
    ('00000000-0000-0000-0000-000000000010', 'Kamino', '0f023e67-0156-441f-bcf5-d03ff20f60ef', 9, 4, 22, 300, 10.07, -603.63, 9243.09),
    ('00000000-0000-0000-0000-000000000011', 'Felucia', '0f023e67-0156-441f-bcf5-d03ff20f60ef', 0, 3, 14, 130, 6.01, -669.32, 8905.88),
    ('00000000-0000-0000-0000-000000000012', 'Pandora', 'f2914e97-c74b-4e44-80fe-fa2f6df691ac', 1, 2, 16, 140, 875.61, -1309.91, 3972.01),
    ('00000000-0000-0000-0000-000000000013', 'Dune', 'f2914e97-c74b-4e44-80fe-fa2f6df691ac', 2, 1, 15, 120, 802.11, -1059.80, 4673.01),
    ('00000000-0000-0000-0000-000000000014', 'Vulcan', 'f2914e97-c74b-4e44-80fe-fa2f6df691ac', 3, 4, 20, 160, 842.66, -1083.33, 4411.01),
    ('00000000-0000-0000-0000-000000000015', 'Naboo', 'f2914e97-c74b-4e44-80fe-fa2f6df691ac', 4, 3, 5, 180, 919.19, -994.93, 4231.01),
    ('00000000-0000-0000-0000-000000000016', 'Oregonia', 'f2914e97-c74b-4e44-80fe-fa2f6df691ac', 5, 2, 3, 4, 904.04, -1285.31, 3979.01),
    ('00000000-0000-0000-0000-000000000017', 'Yavin', '765487ee-87cd-4f38-b1f3-ac7fd05681b4', 6, 3, 12, 150, -1337.77, 415.89, -2221.75),
    ('00000000-0000-0000-0000-000000000018', 'Ice', '765487ee-87cd-4f38-b1f3-ac7fd05681b4', 7, 2, 25, 180, -1337.77, 469.89, -2002.75),
    ('00000000-0000-0000-0000-000000000019', 'Eden', '765487ee-87cd-4f38-b1f3-ac7fd05681b4', 8, 4, 15, 170, -1443.77, 466.89, -2554.75),
    ('00000000-0000-0000-0000-000000000020', 'Waterworld', '765487ee-87cd-4f38-b1f3-ac7fd05681b4', 9, 3, 20, 160, -1592.77, 499.89, -2175.75),
    ('00000000-0000-0000-0000-000000000021', 'Endor Prime', 'bfe83c9e-e8fc-4d42-828e-7985975c7719', 0, 2, 10, 150, -233.99, 704.59, -1470.00),
    ('00000000-0000-0000-0000-000000000022', 'Terra Nova', 'bfe83c9e-e8fc-4d42-828e-7985975c7719', 1,2, 10, 150, -203.19, 687.21, -1299.09),
    ('00000000-0000-0000-0000-000000000023', 'Gaia', 'c0c45c28-53ee-4cd4-a769-57c8a9202463', 1,2, 10, 150, -771.49, 999.93, -941.11), 
    ('00000000-0000-0000-0000-000000000024', 'Artemis', 'c0c45c28-53ee-4cd4-a769-57c8a9202463', 0, 2, 10, 150, -762.41, 1004.13, -949.11),
    ('00000000-0000-0000-0000-000000000025', 'Prometheus', 'c0c45c28-53ee-4cd4-a769-57c8a9202463', 1, 2, 10, 150, -771.49, 981.83, -9499.11),
    ('00000000-0000-0000-0000-000000000026', 'Borealis', '6f21dba6-9bf5-4d94-9b68-72c06f8007dc', 7, 2, 10, 150, 2173.45, -15.34, 661.78),
    ('00000000-0000-0000-0000-000000000027', 'Hoth II', '6f21dba6-9bf5-4d94-9b68-72c06f8007dc', 7, 2, 10, 150, 1998.45, -9.34, 581.78),
    ('00000000-0000-0000-0000-000000000028', 'Pandora Prime', '6f21dba6-9bf5-4d94-9b68-72c06f8007dc', 0, 2, 10, 150, 1799.45, -44.34, 595.78),
    ('00000000-0000-0000-0000-000000000029', 'Hyperion', '6f21dba6-9bf5-4d94-9b68-72c06f8007dc', 7, 2, 10, 150, 2500.45, -94.34, 548.78),
    ('00000000-0000-0000-0000-000000000030', 'Aquaria', '6f21dba6-9bf5-4d94-9b68-72c06f8007dc', 9, 2, 10, 150, 2602.45, 7.34, 652.78),
    ('00000000-0000-0000-0000-000000000031', 'Arrakis Prime', '6f21dba6-9bf5-4d94-9b68-72c06f8007dc', 2, 2, 10, 150, 2431.45, -11.34, 590.78),
    ('00000000-0000-0000-0000-000000000032', 'Gliese', '6f21dba6-9bf5-4d94-9b68-72c06f8007dc', 4, 2, 10, 150, 2119.45, -3.34, 601.78),
    ('00000000-0000-0000-0000-000000000033', 'Vega', '2a176758-74ed-43e4-a27c-66881929b91d', 1, 2, 10, 150, 5108.78, 23.45, 671.89),
    ('00000000-0000-0000-0000-000000000034', 'Orion', '2a176758-74ed-43e4-a27c-66881929b91d', 3, 2, 10, 150, 6002.78, 56.45, 752.89),
    ('00000000-0000-0000-0000-000000000035', 'Nereus', '2a176758-74ed-43e4-a27c-66881929b91d', 5, 2, 10, 150, 5773.78, 69.45, 987.89),
    ('00000000-0000-0000-0000-000000000036', 'Altair', '2a176758-74ed-43e4-a27c-66881929b91d', 5, 2, 10, 150, 5329.78, 92.45, 432.89),
    ('00000000-0000-0000-0000-000000000037', 'Nyx', '2a176758-74ed-43e4-a27c-66881929b91d', 0, 2, 10, 150, 3999.78, 26.45, 716.89),
    ('00000000-0000-0000-0000-000000000038', 'Zeta', '2a176758-74ed-43e4-a27c-66881929b91d', 2, 2, 10, 150, 4007.78, 64.45, 432.89),
    ('00000000-0000-0000-0000-000000000039', 'Elara', '2a176758-74ed-43e4-a27c-66881929b91d', 8, 2, 10, 150, 6122.78, 41.45, 735.89),
    ('00000000-0000-0000-0000-000000000040', 'LeBronia', '2a176758-74ed-43e4-a27c-66881929b91d', 1, 2, 10, 150, 4159.78, 11.45, 1023.89),
    ('00000000-0000-0000-0000-000000000041', 'Scranton', '2a176758-74ed-43e4-a27c-66881929b91d', 1, 2, 10, 150, 4789.78, 19.45, 490.89),
    ('00000000-0000-0000-0000-000000000042', 'Cannabitica', '96d608c4-e164-4752-b0ab-690915c6f8ba', 8, 2, 10, 150, 4200.01, -42.00, 420.42),
    ('00000000-0000-0000-0000-000000000043', 'Portlandia', '96d608c4-e164-4752-b0ab-690915c6f8ba', 5, 2, 10, 150, 2998.01, -55.67, 231.45),
    ('00000000-0000-0000-0000-000000000044', 'Caladan', '96d608c4-e164-4752-b0ab-690915c6f8ba', 0, 2, 10, 150, 3417.01, -5.67, 233.45),
    ('00000000-0000-0000-0000-000000000045', 'Seas of Grass', '96d608c4-e164-4752-b0ab-690915c6f8ba', 1, 2, 10, 150, 3932.01, -66.67, 234.45),
    ('00000000-0000-0000-0000-000000000046', 'Dune 2', '96d608c4-e164-4752-b0ab-690915c6f8ba', 2, 2, 10, 150, 3335.01, -90.67, 237.45),
    ('00000000-0000-0000-0000-000000000047', 'Pridelands', '96d608c4-e164-4752-b0ab-690915c6f8ba', 1, 2, 10, 150, 3017.01, -41.67, 241.45),
    ('00000000-0000-0000-0000-000000000048', 'Higherlands', '96d608c4-e164-4752-b0ab-690915c6f8ba', 8, 2, 10, 150, 3276.01, -34.67, 286.45),
    ('00000000-0000-0000-0000-000000000049', 'Buriedaldia', '96d608c4-e164-4752-b0ab-690915c6f8ba', 2, 2, 10, 150, 4009.01, -51.67, 302.45),
    ('00000000-0000-0000-0000-000000000050', 'Tblisis', '96d608c4-e164-4752-b0ab-690915c6f8ba', 3, 2, 10, 150, 3889.01, -87.67, 307.45);